{
  "oriv": {
    "ols_haiku": 0.08040089476475212,
    "ols_sonnet": 0.07806356187548052,
    "oriv": 0.10034892809532446,
    "ols_haiku_d": 0.048203601488558186,
    "oriv_d": 0.040977632824974956,
    "first_stage_f": 111917.13641899482,
    "attenuation_lambda": 0.882497963817572
  },
  "horse_race": {
    "r2_controls": 0.42188598314768655,
    "r2_fo": 0.42707285745961254,
    "r2_ahc": 0.42607853643395477,
    "r2_both": 0.42952701736320253,
    "r2_full": 0.43049412875663673,
    "ahc_increment": 0.004192553286268219,
    "fo_increment": 0.005186874311925993
  }
}