{
  "lambda": 0.11625732025453267,
  "mu": 0.01,
  "delta_0": 0.043,
  "rho": 0.05,
  "eta": 0.03,
  "objective": 1.8819147502672078
}