,AHC_score,SUB_score,PHY_score,ROU_score,automation_prob
AHC_score,1.0,0.4301297078636455,-0.8482925208777333,0.32751678916134375,-0.7068203685557316
SUB_score,0.4301297078636455,1.0,-0.5548143074544433,0.8767114230419097,-0.004711405056013346
PHY_score,-0.8482925208777333,-0.5548143074544433,1.0,-0.611683681843665,0.7090703160156091
ROU_score,0.32751678916134375,0.8767114230419097,-0.611683681843665,1.0,0.015254321425642939
automation_prob,-0.7068203685557316,-0.004711405056013346,0.7090703160156091,0.015254321425642939,1.0
